AccountsReceivableNetCurrent,Accounts Receivable Net Current,Balance Sheet
AccountsReceivableSale,Accounts Receivable Sale,Balance Sheet
AccruedAdvertisingCurrent,Accrued Advertising Current,Balance Sheet
AccruedIncomeTaxesCurrent,Accrued Income Taxes Current,Balance Sheet
AccruedIncomeTaxesNoncurrent,Accrued Income Taxes Noncurrent,Balance Sheet
AccumulatedDepreciationDepletionAndAmortizationPropertyPlantAndEquipment,Accumulated Depreciation Depletion And Amortization Property Plant And Equipment,Balance Sheet
AccumulatedOtherComprehensiveIncomeLossAvailableForSaleSecuritiesAdjustmentNetOfTax,Accumulated Other Comprehensive Income Loss Available For Sale Securities Adjustment Net Of Tax,Balance Sheet
AccumulatedOtherComprehensiveIncomeLossCumulativeChangesInNetGainLossFromCashFlowHedgesEffectNetOfTax,Accumulated Other Comprehensive Income Loss Cumulative Changes In Net Gain Loss From Cash Flow Hedges Effect Net Of Tax,Balance Sheet
AccumulatedOtherComprehensiveIncomeLossForeignCurrencyTranslationAdjustmentNetOfTax,Accumulated Other Comprehensive Income Loss Foreign Currency Translation Adjustment Net Of Tax,Balance Sheet
AccumulatedOtherComprehensiveIncomeLossNetOfTax,Accumulated Other Comprehensive Income Loss Net Of Tax,Balance Sheet
AdjustmentsRelatedToTaxWithholdingForShareBasedCompensation,Adjustments Related To Tax Withholding For Share Based Compensation,Balance Sheet
AdjustmentsToAdditionalPaidInCapitalEquityComponentOfConvertibleDebt,Adjustments To Additional Paid In Capital Equity Component Of Convertible Debt,Balance Sheet
AdjustmentsToAdditionalPaidInCapitalShareBasedCompensationEmployeeStockPurchaseProgramRequisiteServicePeriodRecognition,Adjustments To Additional Paid In Capital Share Based Compensation Employee Stock Purchase Program Requisite Service Period Recognition,Balance Sheet
AdjustmentsToAdditionalPaidInCapitalSharebasedCompensationOtherLongtermIncentivePlansRequisiteServicePeriodRecognition,Adjustments To Additional Paid In Capital Sharebased Compensation Other Longterm Incentive Plans Requisite Service Period Recognition,Balance Sheet
AdjustmentsToAdditionalPaidInCapitalSharebasedCompensationRequisiteServicePeriodRecognitionValue,Adjustments To Additional Paid In Capital Sharebased Compensation Requisite Service Period Recognition Value,Balance Sheet
AdjustmentsToReconcileNetIncomeLossToCashProvidedByUsedInOperatingActivities,Adjustments To Reconcile Net Income Loss To Cash Provided By Used In Operating Activities,Balance Sheet
AdvertisingExpense,Advertising Expense,Balance Sheet
AllocatedShareBasedCompensationExpense,Allocated Share Based Compensation Expense,Balance Sheet
AllowanceForDoubtfulAccountsReceivableCurrent,Allowance For Doubtful Accounts Receivable Current,Balance Sheet
AmortizationOfAcquiredIntangibleAssets,Amortization Of Acquired Intangible Assets,Balance Sheet
AmortizationOfIntangibleAssets,Amortization Of Intangible Assets,Balance Sheet
AntidilutiveSecuritiesExcludedFromComputationOfEarningsPerShareAmount,Antidilutive Securities Excluded From Computation Of Earnings Per Share Amount,Balance Sheet
AssetImpairmentCharges,Asset Impairment Charges,Balance Sheet
Assets,Assets,Balance Sheet
AssetsCurrent,Assets Current,Balance Sheet
AssetsFairValueDisclosureRecurring,Assets Fair Value Disclosure Recurring,Balance Sheet
AssetsOfDisposalGroupIncludingDiscontinuedOperationCurrent,Assets Of Disposal Group Including Discontinued Operation Current,Balance Sheet
AvailableForSaleDebtSecuritiesAccumulatedGrossUnrealizedGainBeforeTax,Available For Sale Debt Securities Accumulated Gross Unrealized Gain Before Tax,Balance Sheet
AvailableForSaleDebtSecuritiesAccumulatedGrossUnrealizedLossBeforeTax,Available For Sale Debt Securities Accumulated Gross Unrealized Loss Before Tax,Balance Sheet
AvailableForSaleDebtSecuritiesAmortizedCostBasis,Available For Sale Debt Securities Amortized Cost Basis,Balance Sheet
AvailableForSaleEquitySecuritiesAmortizedCostBasis,Available For Sale Equity Securities Amortized Cost Basis,Balance Sheet
AvailableForSaleSecurities,Available For Sale Securities,Balance Sheet
AvailableForSaleSecuritiesAccumulatedGrossUnrealizedGainBeforeTax,Available For Sale Securities Accumulated Gross Unrealized Gain Before Tax,Balance Sheet
AvailableForSaleSecuritiesAccumulatedGrossUnrealizedLossBeforeTax,Available For Sale Securities Accumulated Gross Unrealized Loss Before Tax,Balance Sheet
AvailableForSaleSecuritiesAmortizedCost,Available For Sale Securities Amortized Cost,Balance Sheet
AvailableForSaleSecuritiesContinuousUnrealizedLossPosition12MonthsOrLongerAggregateLosses,Available For Sale Securities Continuous Unrealized Loss Position 12 Months Or Longer Aggregate Losses,Balance Sheet
AvailableForSaleSecuritiesDebtMaturitiesAfterFiveThroughTenYearsFairValue,Available For Sale Securities Debt Maturities After Five Through Ten Years Fair Value,Balance Sheet
AvailableForSaleSecuritiesDebtMaturitiesAfterOneThroughFiveYearsAmortizedCost,Available For Sale Securities Debt Maturities After One Through Five Years Amortized Cost,Balance Sheet
AvailableForSaleSecuritiesDebtMaturitiesAfterOneThroughFiveYearsFairValue,Available For Sale Securities Debt Maturities After One Through Five Years Fair Value,Balance Sheet
AvailableForSaleSecuritiesDebtMaturitiesAmortizedCost,Available For Sale Securities Debt Maturities Amortized Cost,Balance Sheet
AvailableForSaleSecuritiesDebtMaturitiesFairValue,Available For Sale Securities Debt Maturities Fair Value,Balance Sheet
AvailableForSaleSecuritiesDebtMaturitiesRemainderOfFiscalYearAmortizedCostBasis,Available For Sale Securities Debt Maturities Remainder Of Fiscal Year Amortized Cost Basis,Balance Sheet
AvailableForSaleSecuritiesDebtMaturitiesRemainderOfFiscalYearFairValue,Available For Sale Securities Debt Maturities Remainder Of Fiscal Year Fair Value,Balance Sheet
AvailableForSaleSecuritiesDebtMaturitiesWithinOneYearAmortizedCost,Available For Sale Securities Debt Maturities Within One Year Amortized Cost,Balance Sheet
AvailableForSaleSecuritiesDebtMaturitiesWithinOneYearFairValue,Available For Sale Securities Debt Maturities Within One Year Fair Value,Balance Sheet
AvailableForSaleSecuritiesDebtMaturitiesWithoutSingleMaturityDateAmortizedCost,Available For Sale Securities Debt Maturities Without Single Maturity Date Amortized Cost,Balance Sheet
AvailableForSaleSecuritiesDebtMaturitiesWithoutSingleMaturityDateFairValue,Available For Sale Securities Debt Maturities Without Single Maturity Date Fair Value,Balance Sheet
AvailableForSaleSecuritiesDebtSecurities,Available For Sale Securities Debt Securities,Balance Sheet
AvailableForSaleSecuritiesDebtSecuritiesCurrent,Available For Sale Securities Debt Securities Current,Balance Sheet
AvailableForSaleSecuritiesDebtSecuritiesNoncurrent,Available For Sale Securities Debt Securities Noncurrent,Balance Sheet
AvailableForSaleSecuritiesEquitySecurities,Available For Sale Securities Equity Securities,Balance Sheet
AvailableForSaleSecuritiesEquitySecuritiesNoncurrent,Available For Sale Securities Equity Securities Noncurrent,Balance Sheet
AvailableForSaleSecuritiesGrossRealizedGains,Available For Sale Securities Gross Realized Gains,Balance Sheet
AvailableForSaleSecuritiesGrossRealizedGainsLossesSaleProceeds,Available For Sale Securities Gross Realized Gains Losses Sale Proceeds,Balance Sheet
AvailableForSaleSecuritiesGrossRealizedLosses,Available For Sale Securities Gross Realized Losses,Balance Sheet
AvailableforsaleSecuritiesGrossUnrealizedGain,Available For Sale Securities Gross Unrealized Gain,Balance Sheet
AvailableForSaleSecuritiesGrossUnrealizedGains,Available For Sale Securities Gross Unrealized Gains,Balance Sheet
AvailableForSaleSecuritiesGrossUnrealizedLoss,Available For Sale Securities Gross Unrealized Loss,Balance Sheet
AvailableForSaleSecuritiesGrossUnrealizedLosses1,Available For Sale Securities Gross Unrealized Losses1,Balance Sheet
BankOverdrafts,Bank Overdrafts,Balance Sheet
BusinessAcquisitionProFormaEarningsPerShareDiluted,Business Acquisition Pro Forma Earnings Per Share Diluted,Balance Sheet
BusinessAcquisitionsProFormaNetIncomeLoss,Business Acquisitions Pro Forma Net Income Loss,Balance Sheet
BusinessAcquisitionsProFormaRevenue,Business Acquisitions Pro Forma Revenue,Balance Sheet
BusinessCombinationConsiderationTransferred1,Business Combination Consideration Transferred1,Balance Sheet
CapitalExpendituresIncurredButNotYetPaid,Capital Expenditures Incurred But Not Yet Paid,Balance Sheet
Cash,Cash,Balance Sheet
CashAndCashEquivalentsAtCarryingValue,Cash And Cash Equivalents At Carrying Value,Balance Sheet
CashAndCashEquivalentsPeriodIncreaseDecrease,Cash And Cash Equivalents Period Increase Decrease,Balance Sheet
CashCashEquivalentsRestrictedCashAndRestrictedCashEquivalents,Cash Cash Equivalents Restricted Cash And Restricted Cash Equivalents,Balance Sheet
CashCashEquivalentsRestrictedCashAndRestrictedCashEquivalentsPeriodIncreaseDecreaseIncludingExchangeRateEffect,Cash Cash Equivalents Restricted Cash And Restricted Cash Equivalents Period Increase Decrease Including Exchange Rate Effect,Balance Sheet
CashFlowHedgeGainLossToBeReclassifiedWithinTwelveMonths,Cash Flow Hedge Gain Loss To Be Reclassified Within Twelve Months,Balance Sheet
CashPaidForCapitalizedInterest,Cash Paid For Capitalized Interest,Balance Sheet
ChangeInUnrealizedGainLossOnHedgedItemInFairValueHedge1,Change In Unrealized Gain Loss On Hedged Item In Fair Value Hedge1,Balance Sheet
CommercialPaper,Commercial Paper,Balance Sheet
CommonStockDividendsPerShareDeclared,Common Stock Dividends Per Share Declared,Balance Sheet
CommonStockIncludingAdditionalPaidInCapital,Common Stock Including Additional Paid In Capital,Balance Sheet
CommonStockParOrStatedValuePerShare,Common Stock Par Or Stated Value Per Share,Balance Sheet
CommonStockSharesAuthorized,Common Stock Shares Authorized,Balance Sheet
CommonStockSharesIssued,Common Stock Shares Issued,Balance Sheet
CommonStockSharesOutstanding,Common Stock Shares Outstanding,Balance Sheet
CommonStocksIncludingAdditionalPaidInCapital,Common Stocks Including Additional Paid In Capital,Balance Sheet
ComprehensiveIncomeNetOfTax,Comprehensive Income Net Of Tax,Income Statement
ComprehensiveIncomeNetOfTaxAttributableToNoncontrollingInterest,Comprehensive Income Net Of Tax Attributable To Noncontrolling Interest,Income Statement
ComprehensiveIncomeNetOfTaxIncludingPortionAttributableToNoncontrollingInterest,Comprehensive Income Net Of Tax Including Portion Attributable To Noncontrolling Interest,Income Statement
ContractWithCustomerAssetGross,Contract With Customer Asset Gross,Balance Sheet
ContractWithCustomerLiability,Contract With Customer Liability,Balance Sheet
ContractWithCustomerLiabilityCumulativeCatchUpAdjustmentToRevenueChangeInEstimateOfTransactionPrice,Contract With Customer Liability Cumulative Catch Up Adjustment To Revenue Change In Estimate Of Transaction Price,Balance Sheet
ContractWithCustomerLiabilityCurrent,Contract With Customer Liability Current,Balance Sheet
ContractWithCustomerLiabilityNoncurrent,Contract With Customer Liability Noncurrent,Balance Sheet
CostMethodInvestments,Cost Method Investments,Balance Sheet
CostMethodInvestmentsAggregateCarryingAmount,Cost Method Investments Aggregate Carrying Amount,Balance Sheet
CostMethodInvestmentsFairValueDisclosure,Cost Method Investments Fair Value Disclosure,Balance Sheet
CostOfGoodsAndServicesSold,Cost Of Goods And Services Sold,Income Statement
CumulativeEffectOfInitialAdoptionOfFIN48,Cumulative Effect Of Initial Adoption Of FIN48,Income Statement
CumulativeEffectOfInitialAdoptionOfNewAccountingPrinciple,Cumulative Effect Of Initial Adoption Of New Accounting Principle,Income Statement
CumulativeEffectOfNewAccountingPrincipleInPeriodOfAdoption,Cumulative Effect Of New Accounting Principle In Period Of Adoption,Income Statement
CurrentFederalTaxExpenseBenefit,Current Federal Tax Expense Benefit,Income Statement
CurrentForeignTaxExpenseBenefit,Current Foreign Tax Expense Benefit,Income Statement
CurrentIncomeTaxExpenseBenefit,Current Income Tax Expense Benefit,Income Statement
CurrentStateAndLocalTaxExpenseBenefit,Current State And Local Tax Expense Benefit,Income Statement
DebtCurrent,Debt Current,Balance Sheet
DebtInstrumentCarryingAmount,Debt Instrument Carrying Amount,Balance Sheet
DebtInstrumentFaceAmount,Debt Instrument Face Amount,Balance Sheet
DebtInstrumentInterestRateEffectivePercentage,Debt Instrument Interest Rate Effective Percentage,Balance Sheet
DebtInstrumentPrincipalOutstanding,Debt Instrument Principal Outstanding,Balance Sheet
DebtInstrumentRepurchaseAmount,Debt Instrument Repurchase Amount,Balance Sheet
DebtInstrumentUnamortizedDiscountPremiumAndDebtIssuanceCostsNet,Debt Instrument Unamortized Discount Premium And Debt Issuance Costs Net,Balance Sheet
DebtSecuritiesRealizedGainLoss,Debt Securities Realized Gain Loss,Balance Sheet
DecreaseInUnrecognizedTaxBenefitsIsReasonablyPossible,Decrease In Unrecognized Tax Benefits Is Reasonably Possible,Balance Sheet
DeferredCompensationLiabilityCurrent,Deferred Compensation Liability Current,Balance Sheet
DeferredCompensationLiabilityCurrentAndNoncurrent,Deferred Compensation Liability Current And Noncurrent,Balance Sheet
DeferredFederalIncomeTaxExpenseBenefit,Deferred Federal Income Tax Expense Benefit,Balance Sheet
DeferredFinanceCostsCurrentNet,Deferred Finance Costs Current Net,Balance Sheet
DeferredFinanceCostsNet,Deferred Finance Costs Net,Balance Sheet
DeferredIncomeTaxAssetsNet,Deferred Income Tax Assets Net,Balance Sheet
DeferredIncomeTaxesAndTaxCredits,Deferred Income Taxes And Tax Credits,Balance Sheet
DeferredIncomeTaxExpenseBenefit,Deferred Income Tax Expense Benefit,Balance Sheet
DeferredIncomeTaxLiabilities,Deferred Income Tax Liabilities,Balance Sheet
DeferredIncomeTaxLiabilitiesNet,Deferred Income Tax Liabilities Net,Balance Sheet
DeferredOtherTaxExpenseBenefit,Deferred Other Tax Expense Benefit,Balance Sheet
DeferredRevenue,Deferred Revenue,Balance Sheet
DeferredRevenueCurrent,Deferred Revenue Current,Balance Sheet
DeferredStateAndLocalIncomeTaxExpenseBenefit,Deferred State And Local Income Tax Expense Benefit,Balance Sheet
DeferredTaxAssetsDeferredIncome,Deferred Tax Assets Deferred Income,Balance Sheet
DeferredTaxAssetsGross,Deferred Tax Assets Gross,Balance Sheet
DeferredTaxAssetsInventory,Deferred Tax Assets Inventory,Balance Sheet
DeferredTaxAssetsInvestmentInSubsidiaries,Deferred Tax Assets Investment In Subsidiaries,Balance Sheet
DeferredTaxAssetsLiabilitiesNet,Deferred Tax Assets Liabilities Net,Balance Sheet
DeferredTaxAssetsLiabilitiesNetNoncurrent,Deferred Tax Assets Liabilities Net Noncurrent,Balance Sheet
DeferredTaxAssetsNet,Deferred Tax Assets Net,Balance Sheet
DeferredTaxAssetsNetCurrent,Deferred Tax Assets Net Current,Balance Sheet
DeferredTaxAssetsNetNoncurrent,Deferred Tax Assets Net Noncurrent,Balance Sheet
DeferredTaxAssetsOperatingLossCarryforwardsSubjectToExpiration,Deferred Tax Assets Operating Loss Carryforwards Subject To Expiration,Balance Sheet
DeferredTaxAssetsOther,Deferred Tax Assets Other,Balance Sheet
DeferredTaxAssetsTaxDeferredExpenseCompensationAndBenefits,Deferred Tax Assets Tax Deferred Expense Compensation And Benefits,Balance Sheet
DeferredTaxAssetsTaxDeferredExpenseCompensationAndBenefitsShareBasedCompensationCost,Deferred Tax Assets Tax Deferred Expense Compensation And Benefits Share Based Compensation Cost,Balance Sheet
DeferredTaxAssetsValuationAllowance,Deferred Tax Assets Valuation Allowance,Balance Sheet
DeferredTaxLiabilities,Deferred Tax Liabilities,Balance Sheet
DeferredTaxLiabilitiesGoodwillAndIntangibleAssetsIntangibleAssets,Deferred Tax Liabilities Goodwill And Intangible Assets Intangible Assets,Balance Sheet
DeferredTaxLiabilitiesNoncurrent,Deferred Tax Liabilities Noncurrent,Balance Sheet
DeferredTaxLiabilitiesOther,Deferred Tax Liabilities Other,Balance Sheet
DeferredTaxLiabilitiesPropertyPlantAndEquipment,Deferred Tax Liabilities Property Plant And Equipment,Balance Sheet
DeferredTaxLiabilitiesUndistributedForeignEarnings,Deferred Tax Liabilities Undistributed Foreign Earnings,Balance Sheet
DefinedBenefitPlanAccumulatedBenefitObligation,Defined Benefit Plan Accumulated Benefit Obligation,Balance Sheet
DefinedBenefitPlanAccumulatedOtherComprehensiveIncomeBeforeTax,Defined Benefit Plan Accumulated Other Comprehensive Income Before Tax,Balance Sheet
DefinedBenefitPlanActualReturnOnPlanAssets,Defined Benefit Plan Actual Return On Plan Assets,Balance Sheet
DefinedBenefitPlanActuarialGainLoss,Defined Benefit Plan Actuarial Gain Loss,Balance Sheet
DefinedBenefitPlanAmortizationOfNetGainsLosses,Defined Benefit Plan Amortization Of Net Gains Losses,Balance Sheet
DefinedBenefitPlanAmortizationOfNetPriorServiceCostCredit,Defined Benefit Plan Amortization Of Net Prior Service Cost Credit,Balance Sheet
DefinedBenefitPlanAmountsRecognizedInBalanceSheet,Defined Benefit Plan Amounts Recognized In Balance Sheet,Balance Sheet
DefinedBenefitPlanAssumptionsUsedCalculatingBenefitObligationDiscountRate,Defined Benefit Plan Assumptions Used Calculating Benefit Obligation Discount Rate,Balance Sheet
DefinedBenefitPlanAssumptionsUsedCalculatingBenefitObligationRateOfCompensationIncrease,Defined Benefit Plan Assumptions Used Calculating Benefit Obligation Rate Of Compensation Increase,Balance Sheet
DefinedBenefitPlanAssumptionsUsedCalculatingNetPeriodicBenefitCostDiscountRate,Defined Benefit Plan Assumptions Used Calculating Net Periodic Benefit Cost Discount Rate,Balance Sheet
DefinedBenefitPlanAssumptionsUsedCalculatingNetPeriodicBenefitCostExpectedLongTermReturnOnAssets,Defined Benefit Plan Assumptions Used Calculating Net Periodic Benefit Cost Expected Long Term Return On Assets,Balance Sheet
DefinedBenefitPlanAssumptionsUsedCalculatingNetPeriodicBenefitCostRateOfCompensationIncrease,Defined Benefit Plan Assumptions Used Calculating Net Periodic Benefit Cost Rate Of Compensation Increase,Balance Sheet
DefinedBenefitPlanBenefitObligation,Defined Benefit Plan Benefit Obligation,Balance Sheet
DefinedBenefitPlanContributionsByEmployer,Defined Benefit Plan Contributions By Employer,Balance Sheet
DefinedBenefitPlanCurtailments,Defined Benefit Plan Curtailments,Balance Sheet
DefinedBenefitPlanExpectedFutureBenefitPaymentsFiveFiscalYearsThereafter,Defined Benefit Plan Expected Future Benefit Payments Five Fiscal Years Thereafter,Balance Sheet
DefinedBenefitPlanExpectedFutureBenefitPaymentsNextTwelveMonths,Defined Benefit Plan Expected Future Benefit Payments Next Twelve Months,Balance Sheet
DefinedBenefitPlanExpectedFutureBenefitPaymentsYearFive,Expected Future Benefit Payments (Year Five),Balance Sheet
DefinedBenefitPlanExpectedFutureBenefitPaymentsYearFour,Expected Future Benefit Payments (Year Four),Balance Sheet
DefinedBenefitPlanExpectedFutureBenefitPaymentsYearThree,Expected Future Benefit Payments (Year Three),Balance Sheet
DefinedBenefitPlanExpectedFutureBenefitPaymentsYearTwo,Expected Future Benefit Payments (Year Two),Balance Sheet
DefinedBenefitPlanFairValueOfPlanAssets,Fair Value of Plan Assets,Balance Sheet
DefinedBenefitPlanForeignCurrencyExchangeRateChangesBenefitObligation,Foreign Currency Exchange Rate Changes Benefit Obligation,Balance Sheet
DefinedBenefitPlanFundedPercentage,Funded Percentage,Balance Sheet
DefinedBenefitPlanFutureAmortizationOfGainLoss,Future Amortization of Gain/Loss,Income Statement
DefinedBenefitPlanFutureAmortizationOfPriorServiceCostCredit,Future Amortization of Prior Service Cost Credit,Income Statement
DefinedBenefitPlanInterestCost,Interest Cost,Income Statement
DefinedBenefitPlanOtherChanges,Other Changes,Income Statement
DefinedBenefitPlanPensionPlansWithAccumulatedBenefitObligationsInExcessOfPlanAssetsAggregateAccumulatedBenefitObligation,Pension Plans with Accumulated Benefit Obligations in Excess of Plan Assets (Aggregate Accumulated Benefit Obligation),Balance Sheet
DefinedBenefitPlanPensionPlansWithAccumulatedBenefitObligationsInExcessOfPlanAssetsAggregateFairValueOfPlanAssets,Pension Plans with Accumulated Benefit Obligations in Excess of Plan Assets (Aggregate Fair Value of Plan Assets),Balance Sheet
DefinedBenefitPlanPensionPlanWithProjectedBenefitObligationInExcessOfPlanAssetsAccumulatedBenefitObligation,Pension Plan with Projected Benefit Obligation in Excess of Plan Assets (Accumulated Benefit Obligation),Balance Sheet
DefinedBenefitPlanPensionPlanWithProjectedBenefitObligationInExcessOfPlanAssetsPlanAssets,Pension Plan with Projected Benefit Obligation in Excess of Plan Assets (Plan Assets),Balance Sheet
DefinedBenefitPlanPensionPlanWithProjectedBenefitObligationInExcessOfPlanAssetsProjectedBenefitObligation,Pension Plan with Projected Benefit Obligation in Excess of Plan Assets (Projected Benefit Obligation),Balance Sheet
DefinedBenefitPlanPlanAmendments,Plan Amendments,Income Statement
DefinedBenefitPlanPlanAssetsBenefitsPaid,Plan Assets Benefits Paid,Income Statement
DefinedBenefitPlanPlanAssetsForeignCurrencyTranslationGainLoss,Plan Assets Foreign Currency Translation Gain/Loss,Income Statement
DefinedBenefitPlanServiceCost,Service Cost,Income Statement
DefinedBenefitPlanSettlementsBenefitObligation,Settlements Benefit Obligation,Income Statement
DefinedBenefitPlanSettlementsPlanAssets,Settlements Plan Assets,Income Statement
DefinedContributionPlanCostRecognized,Cost Recognized,Income Statement
Depreciation,Depreciation,Income Statement
DepreciationAndAmortization,Depreciation and Amortization,Income Statement
DerivativeAssetAfterOffsetSubjectToMasterNettingArrangement,Derivative Asset After Offset Subject to Master Netting Arrangement,Balance Sheet
DerivativeAssetFairValueGrossLiability,Derivative Asset Fair Value Gross Liability,Balance Sheet
DerivativeAssetFairValueOfCollateral,Derivative Asset Fair Value of Collateral,Balance Sheet
DerivativeAssetFairValueOffsetAgainstCollateralNetOfNotSubjectToMasterNettingArrangementPolicyElection,Derivative Asset Fair Value Offset Against Collateral Net of Not Subject to Master Netting Arrangement Policy Election,Balance Sheet
DerivativeAssetNotOffsetPolicyElectionDeduction,Derivative Asset Not Offset Policy Election Deduction,Balance Sheet
DerivativeAssets,Derivative Assets,Balance Sheet
DerivativeAssetSecuritiesPurchasedUnderAgreementsToResellSecuritiesBorrowed,Derivative Asset Securities Purchased Under Agreements to Resell Securities Borrowed,Balance Sheet
DerivativeAssetSecuritiesPurchasedUnderAgreementsToResellSecuritiesBorrowedAmountOffsetAgainstCollateral,Derivative Asset Securities Purchased Under Agreements to Resell Securities Borrowed Amount Offset Against Collateral,Balance Sheet
DerivativeAssetSecuritiesPurchasedUnderAgreementsToResellSecuritiesBorrowedCollateralObligationToReturnSecurities,Derivative Asset Securities Purchased Under Agreements to Resell Securities Borrowed Collateral Obligation to Return Securities,Balance Sheet
DerivativeAssetSecuritiesPurchasedUnderAgreementsToResellSecuritiesBorrowedGross,Derivative Asset Securities Purchased Under Agreements to Resell Securities Borrowed Gross,Balance Sheet
DerivativeAssetSecuritiesPurchasedUnderAgreementsToResellSecuritiesBorrowedLiability,Derivative Asset Securities Purchased Under Agreements to Resell Securities Borrowed Liability,Balance Sheet
DerivativeAssetSecuritiesPurchasedUnderAgreementsToResellSecuritiesBorrowedNotOffsetPolicyElectionDeduction,Derivative Asset Securities Purchased Under Agreements to Resell Securities Borrowed Not Offset Policy Election Deduction,Balance Sheet
DerivativeAssetSecuritiesPurchasedUnderAgreementsToResellSecuritiesBorrowedOffsetAgainstCollateralNetOfNotSubjectToMasterNettingArrangementPolicyElection,Derivative Asset Securities Purchased Under Agreements to Resell Securities Borrowed Offset Against Collateral Net of Not Subject to Master Netting Arrangement Policy Election,Balance Sheet
DerivativeAssetsNoncurrent,Derivative Assets Noncurrent,Balance Sheet
DerivativeCollateralObligationToReturnCash,Derivative Collateral Obligation to Return Cash,Balance Sheet
DerivativeCollateralObligationToReturnSecurities,Derivative Collateral Obligation to Return Securities,Balance Sheet
DerivativeCollateralRightToReclaimCash,Derivative Collateral Right to Reclaim Cash,Balance Sheet
DerivativeCollateralRightToReclaimSecurities,Derivative Collateral Right to Reclaim Securities,Balance Sheet
DerivativeFairValueOfDerivativeAsset,Derivative Fair Value of Derivative Asset,Balance Sheet
DerivativeFairValueOfDerivativeAssetAmountNotOffsetAgainstCollateral,Derivative Fair Value of Derivative Asset Amount Not Offset Against Collateral,Balance Sheet
DerivativeFairValueOfDerivativeAssetAmountOffsetAgainstCollateral,Derivative Fair Value of Derivative Asset Amount Offset Against Collateral,Balance Sheet
DerivativeFairValueOfDerivativeLiability,Derivative Fair Value of Derivative Liability,Balance Sheet
DerivativeFairValueOfDerivativeLiabilityAmountNotOffsetAgainstCollateral,Derivative Fair Value of Derivative Liability Amount Not Offset Against Collateral,Balance Sheet
DerivativeFairValueOfDerivativeLiabilityAmountOffsetAgainstCollateral,Derivative Fair Value of Derivative Liability Amount Offset Against Collateral,Balance Sheet
DerivativeInstrumentsGainLossReclassifiedFromAccumulatedOCIIntoIncomeEffectivePortionNet,Derivative Instruments Gain/Loss Reclassified from Accumulated OCI Into Income (Effective Portion),Income Statement
DerivativeInstrumentsGainLossRecognizedInOtherComprehensiveIncomeEffectivePortionNet,Derivative Instruments Gain/Loss Recognized in Other Comprehensive Income (Effective Portion),Income Statement
DerivativeLiabilities,Derivative Liabilities,Balance Sheet
DerivativeLiabilityAfterOffsetSubjectToMasterNettingArrangement,Derivative Liability After Offset Subject to Master Netting Arrangement,Balance Sheet
DerivativeLiabilityFairValueGrossAsset,Derivative Liability Fair Value Gross Asset,Balance Sheet
DerivativeLiabilityFairValueOffsetAgainstCollateralNetOfNotSubjectToMasterNettingArrangementPolicyElection,Derivative Liability Fair Value Offset Against Collateral Net of Not Subject to Master Netting Arrangement Policy Election,Balance Sheet
DerivativeLiabilityNotOffsetPolicyElectionDeduction,Derivative Liability Not Offset Policy Election Deduction,Balance Sheet
DerivativeLiabilitySecuritiesSoldUnderAgreementsToResellSecuritiesLoanedAmountOffsetAgainstCollateral,Derivative Liability Securities Sold Under Agreements to Resell Securities Loaned Amount Offset Against Collateral,Balance Sheet
DerivativeLiabilitySecuritiesSoldUnderAgreementsToResellSecuritiesLoanedAsset,Derivative Liability Securities Sold Under Agreements to Resell Securities Loaned Asset,Balance Sheet
DerivativeLiabilitySecuritiesSoldUnderAgreementsToResellSecuritiesLoanedCollateralRightToReclaimSecurities,Derivative Liability Securities Sold Under Agreements to Resell Securities Loaned Collateral Right to Reclaim Securities,Balance Sheet
DerivativeLiabilitySecuritiesSoldUnderAgreementsToResellSecuritiesLoanedGross,Derivative Liability Securities Sold Under Agreements to Resell Securities Loaned Gross,Balance Sheet
DerivativeNotionalAmount,Derivative Notional Amount,Balance Sheet
DisposalGroupDeferredGainOnDisposal,Disposal Group Deferred Gain on Disposal,Balance Sheet
DisposalGroupIncludingDiscontinuedOperationInventoryCurrent,Disposal Group Including Discontinued Operation Inventory (Current),Balance Sheet
DisposalGroupIncludingDiscontinuedOperationPropertyPlantAndEquipmentCurrent,Disposal Group Including Discontinued Operation Property Plant and Equipment,Balance Sheet
DisposalGroupNotDiscontinuedOperationGainLossOnDisposal,Disposal Group Not Discontinued Operation Gain/Loss on Disposal,Balance Sheet
DividendsCommonStock,Dividends (Common Stock),Income Statement
EarningsPerShareBasic,Earnings Per Share (Basic),Income Statement
EarningsPerShareDiluted,Earnings Per Share (Diluted),Income Statement
EffectiveIncomeTaxRateContinuingOperations,Effective Income Tax Rate (Continuing Operations),Income Statement
EffectiveIncomeTaxRateReconciliationAtFederalStatutoryIncomeTaxRate,Effective Income Tax Rate Reconciliation at Federal Statutory Income Tax Rate,Income Statement
EffectiveIncomeTaxRateReconciliationChangeInDeferredTaxAssetsValuationAllowance,Change in Deferred Tax Assets Valuation Allowance,Income Statement
EffectiveIncomeTaxRateReconciliationChangeInEnactedTaxRate,Change in Enacted Tax Rate,Income Statement
EffectiveIncomeTaxRateReconciliationDeductionsQualifiedProductionActivities,Deductions Qualified Production Activities,Income Statement
EffectiveIncomeTaxRateReconciliationDispositionOfBusiness,Disposition of Business,Income Statement
EffectiveIncomeTaxRateReconciliationFdiiPercent,FDII Percent,Income Statement
EffectiveIncomeTaxRateReconciliationForeignIncomeTaxRateDifferential,Foreign Income Tax Rate Differential,Income Statement
EffectiveIncomeTaxRateReconciliationNondeductibleExpenseRestructuringCharges,Nondeductible Expense Restructuring Charges,Income Statement
EffectiveIncomeTaxRateReconciliationNondeductibleExpenseShareBasedCompensationCost,Nondeductible Expense Share-Based Compensation Cost,Income Statement
EffectiveIncomeTaxRateReconciliationOtherReconcilingItemsPercent,Other Reconciling Items Percent,Income Statement
EffectiveIncomeTaxRateReconciliationTaxCreditsResearch,Tax Credits Research,Income Statement
EffectiveIncomeTaxRateReconciliationTaxSettlements,Tax Settlements,Income Statement
EffectOfExchangeRateOnCashAndCashEquivalentsContinuingOperations,Effect of Exchange Rate on Cash and Cash Equivalents (Continuing Operations),Cash Flow
EmployeeRelatedLiabilitiesCurrent,Employee Related Liabilities (Current),Balance Sheet
EmployeeServiceShareBasedCompensationTaxBenefitFromCompensationExpense,Employee Service Share-Based Compensation Tax Benefit from Compensation Expense,Income Statement
EmployeeServiceShareBasedCompensationTaxBenefitRealizedFromExerciseOfStockOptions,Employee Service Share-Based Compensation Tax Benefit Realized from Exercise of Stock Options,Income Statement
EntityWideDisclosureOnGeographicAreasLongLivedAssetsInEntitysCountryOfDomicile,Entity Wide Disclosure on Geographic Areas Long-Lived Assets in Entity's Country of Domicile,Balance Sheet
EntityWideDisclosureOnGeographicAreasLongLivedAssetsInForeignCountries,Entity Wide Disclosure on Geographic Areas Long-Lived Assets in Foreign Countries,Balance Sheet
EntityWideDisclosureOnGeographicAreasRevenueFromExternalCustomersAttributedToEntitysCountryOfDomicile,Entity Wide Disclosure on Geographic Areas Revenue from External Customers Attributed to Entity's Country of Domicile,Income Statement
EntityWideDisclosureOnGeographicAreasRevenueFromExternalCustomersAttributedToForeignCountries,Entity Wide Disclosure on Geographic Areas Revenue from External Customers Attributed to Foreign Countries,Income Statement
EquityMethodInvestmentDividendsOrDistributions,Equity Method Investment Dividends or Distributions,Income Statement
EquityMethodInvestmentOtherThanTemporaryImpairment,Equity Method Investment Other Than Temporary Impairment,Income Statement
EquityMethodInvestments,Equity Method Investments,Balance Sheet
EquitySecuritiesFvNiGainLoss,Equity Securities FV-NI Gain/Loss,Income Statement
EquitySecuritiesFvNiRealizedGainLoss,Equity Securities FV-NI Realized Gain/Loss,Income Statement
EquitySecuritiesFvNiRealizedLoss,Equity Securities FV-NI Realized Loss,Income Statement
EquitySecuritiesFvNiUnrealizedGain,Equity Securities FV-NI Unrealized Gain,Income Statement
EquitySecuritiesFvNiUnrealizedGainLoss,Equity Securities FV-NI Unrealized Gain/Loss,Income Statement
EquitySecuritiesWithoutReadilyDeterminableFairValueAmount,Equity Securities Without Readily Determinable Fair Value Amount,Balance Sheet
EquitySecuritiesWithoutReadilyDeterminableFairValueImpairmentLossCumulativeAmount,Equity Securities Without Readily Determinable Fair Value Impairment Loss Cumulative Amount,Balance Sheet
EquitySecuritiesWithoutReadilyDeterminableFairValueUpwardPriceAdjustmentAnnualAmount,Equity Securities Without Readily Determinable Fair Value Upward Price Adjustment Annual Amount,Balance Sheet
EquitySecuritiesWithoutReadilyDeterminableFairValueUpwardPriceAdjustmentCumulativeAmount,Equity Securities Without Readily Determinable Fair Value Upward Price Adjustment Cumulative Amount,Balance Sheet
ExcessTaxBenefitFromShareBasedCompensationFinancingActivities,Excess Tax Benefit from Share-Based Compensation Financing Activities,Cash Flow
ExcessTaxBenefitFromShareBasedCompensationOperatingActivities,Excess Tax Benefit from Share-Based Compensation Operating Activities,Cash Flow
ExtinguishmentOfDebtAmount,Extinguishment of Debt Amount,Income Statement
FairValueAssetsAndLiabilitiesMeasuredOnRecurringBasisGainLossIncludedInEarnings,Fair Value Assets and Liabilities Measured on Recurring Basis Gain/Loss Included in Earnings,Income Statement
FairValueAssetsLevel1ToLevel2TransfersAmount,Fair Value Assets Level 1 to Level 2 Transfers Amount,Balance Sheet
FairValueAssetsLevel2ToLevel1TransfersAmount,Fair Value Assets Level 2 to Level 1 Transfers Amount,Balance Sheet
FairValueAssetsMeasuredOnRecurringBasisLoansReceivable,Fair Value Assets Measured on Recurring Basis Loans Receivable,Balance Sheet
FairValueLevel1ToLevel2TransfersAmount,Fair Value Level 1 to Level 2 Transfers Amount,Balance Sheet
FairValueLiabilitiesMeasuredOnRecurringBasisBorrowings,Fair Value Liabilities Measured on Recurring Basis Borrowings,Balance Sheet
FairValueMeasurementWithUnobservableInputsReconciliationRecurringBasisAssetAndLiabilityGainLossIncludedInOtherComprehensiveIncomeLoss,Fair Value Measurement with Unobservable Inputs Reconciliation (Recurring Basis) Asset and Liability Gain/Loss Included in Other Comprehensive Income/Loss,Balance Sheet
FinanceLeaseLiabilityPaymentsDue,Finance Lease Liability Payments Due,Balance Sheet
FinanceLeaseLiabilityPaymentsDueAfterYearFive,Finance Lease Liability Payments Due After Year Five,Balance Sheet
FinanceLeaseLiabilityPaymentsDueNextTwelveMonths,Finance Lease Liability Payments Due Next Twelve Months,Balance Sheet
FinanceLeaseLiabilityPaymentsDueYearFive,Finance Lease Liability Payments Due Year Five,Balance Sheet
FinanceLeaseLiabilityPaymentsDueYearFour,Finance Lease Liability Payments Due Year Four,Balance Sheet
FinanceLeaseLiabilityPaymentsDueYearThree,Finance Lease Liability Payments Due Year Three,Balance Sheet
FinanceLeaseLiabilityPaymentsDueYearTwo,Finance Lease Liability Payments Due Year Two,Balance Sheet
FinanceLeasePrincipalPayments,Finance Lease Principal Payments,Balance Sheet
FinanceLeaseRightOfUseAssetBeforeAccumulatedAmortization,Finance Lease Right of Use Asset Before Accumulated Amortization,Balance Sheet
FiniteLivedIntangibleAssetsAccumulatedAmortization,Finite Lived Intangible Assets Accumulated Amortization,Balance Sheet
FiniteLivedIntangibleAssetsAmortizationExpenseAfterYearFive,Finite Lived Intangible Assets Amortization Expense After Year Five,Income Statement
FiniteLivedIntangibleAssetsAmortizationExpenseNextTwelveMonths,Finite Lived Intangible Assets Amortization Expense Next Twelve Months,Income Statement
FiniteLivedIntangibleAssetsAmortizationExpenseRemainderOfFiscalYear,Finite Lived Intangible Assets Amortization Expense Remainder of Fiscal Year,Income Statement
FiniteLivedIntangibleAssetsAmortizationExpenseYearFive,Finite Lived Intangible Assets Amortization Expense Year Five,Income Statement
FiniteLivedIntangibleAssetsAmortizationExpenseYearFour,Finite Lived Intangible Assets Amortization Expense Year Four,Income Statement
FiniteLivedIntangibleAssetsAmortizationExpenseYearThree,Finite Lived Intangible Assets Amortization Expense Year Three,Income Statement
FiniteLivedIntangibleAssetsAmortizationExpenseYearTwo,Finite Lived Intangible Assets Amortization Expense Year Two,Income Statement
FiniteLivedIntangibleAssetsGross,Finite Lived Intangible Assets Gross,Balance Sheet
FiniteLivedIntangibleAssetsNet,Finite Lived Intangible Assets Net,Balance Sheet
GainLossFromComponentsExcludedFromAssessmentOfCashFlowHedgeEffectivenessNet,Gain/Loss from Components Excluded from Assessment of Cash Flow Hedge Effectiveness (Net),Income Statement
GainLossOnDiscontinuationOfCashFlowHedgeDueToForecastedTransactionProbableOfNotOccurringNet,Gain/Loss on Discontinuation of Cash Flow Hedge Due to Forecasted Transaction Probable of Not Occurring (Net),Income Statement
GainLossOnInvestments,Gain/Loss on Investments,Income Statement
GainLossOnSaleOfEquityInvestments,Gain/Loss on Sale of Equity Investments,Income Statement
GainLossOnSaleOfPropertyPlantEquipment,Gain/Loss on Sale of Property Plant and Equipment,Income Statement
GainOnBusinessInterruptionInsuranceRecovery,Gain on Business Interruption Insurance Recovery,Income Statement
GainsLossesOnExtinguishmentOfDebt,Gains/Losses on Extinguishment of Debt,Income Statement
Goodwill,Goodwill,Balance Sheet
GoodwillAcquiredDuringPeriod,Goodwill Acquired During Period,Balance Sheet
GoodwillImpairedAccumulatedImpairmentLoss,Goodwill Impaired Accumulated Impairment Loss,Balance Sheet
GoodwillImpairmentLoss,Goodwill Impairment Loss,Income Statement
GoodwillOtherIncreaseDecrease,Goodwill Other Increase/Decrease,Balance Sheet
GoodwillTransfers,Goodwill Transfers,Balance Sheet
GoodwillTranslationAdjustments,Goodwill Translation Adjustments,Balance Sheet
GoodwillTranslationAndPurchaseAccountingAdjustments,Goodwill Translation and Purchase Accounting Adjustments,Balance Sheet
GovernmentAssistanceAmountCumulativeNoncurrent,Government Assistance Amount Cumulative (Noncurrent),Balance Sheet
GrantsReceivable,Grants Receivable,Balance Sheet
GrantsReceivableNoncurrent,Grants Receivable (Noncurrent),Balance Sheet
GrossProfit,Gross Profit,Income Statement
ImpairmentOfInvestments,Impairment of Investments,Balance Sheet
IncomeLossFromContinuingOperationsBeforeIncomeTaxesDomestic,Income/Loss from Continuing Operations Before Income Taxes (Domestic),Income Statement
IncomeLossFromContinuingOperationsBeforeIncomeTaxesExtraordinaryItemsNoncontrollingInterest,Income/Loss from Continuing Operations Before Income Taxes (Extraordinary Items Noncontrolling Interest),Income Statement
IncomeLossFromContinuingOperationsBeforeIncomeTaxesForeign,Income/Loss from Continuing Operations Before Income Taxes (Foreign),Income Statement
IncomeLossFromEquityMethodInvestments,Income/Loss from Equity Method Investments,Income Statement
IncomeTaxEffectsAllocatedDirectlyToEquityEmployeeStockOptions,Income Tax Effects Allocated Directly to Equity Employee Stock Options,Income Statement
IncomeTaxesPaidNet,Income Taxes Paid (Net),Cash Flow
IncomeTaxesReceivable,Income Taxes Receivable,Balance Sheet
IncomeTaxExpenseBenefit,Income Tax Expense/Benefit,Income Statement
IncomeTaxExpenseBenefitContinuingOperations,Income Tax Expense/Benefit (Continuing Operations),Income Statement
IncomeTaxHolidayAggregateDollarAmount,Income Tax Holiday Aggregate Dollar Amount,Income Statement
IncomeTaxHolidayIncomeTaxBenefitsPerShare,Income Tax Holiday Income Tax Benefits per Share,Income Statement
IncreaseDecreaseInAccountsPayable,Increase/Decrease in Accounts Payable,Balance Sheet
IncreaseDecreaseInAccountsReceivable,Increase/Decrease in Accounts Receivable,Balance Sheet
IncreaseDecreaseInContractWithCustomerLiability,Increase/Decrease in Contract with Customer Liability,Balance Sheet
IncreaseDecreaseInCustomerAdvances,Increase/Decrease in Customer Advances,Balance Sheet
IncreaseDecreaseInEmployeeRelatedLiabilities,Increase/Decrease in Employee Related Liabilities,Balance Sheet
IncreaseDecreaseInEquitySecuritiesFvNi,Increase/Decrease in Equity Securities FV-NI,Balance Sheet
IncreaseDecreaseInIncomeTaxesPayableNetOfIncomeTaxesReceivable,Increase/Decrease in Income Taxes Payable (Net of Income Taxes Receivable),Balance Sheet
IncreaseDecreaseInInventories,Increase/Decrease in Inventories,Balance Sheet
IncreaseDecreaseInOtherOperatingCapitalNet,Increase/Decrease in Other Operating Capital (Net),Balance Sheet
IncreaseDecreaseInTradingSecurities,Increase/Decrease in Trading Securities,Balance Sheet
IncrementalCommonSharesAttributableToConversionOfDebtSecurities,Incremental Common Shares Attributable to Conversion of Debt Securities,Income Statement
IncrementalCommonSharesAttributableToShareBasedPaymentArrangements,Incremental Common Shares Attributable to Share-Based Payment Arrangements,Income Statement
IndefiniteLivedIntangibleAssetsExcludingGoodwill,Indefinite Lived Intangible Assets Excluding Goodwill,Balance Sheet
IntangibleAssetsGrossExcludingGoodwill,Intangible Assets Gross Excluding Goodwill,Balance Sheet
IntangibleAssetsNetExcludingGoodwill,Intangible Assets Net Excluding Goodwill,Balance Sheet
InterestCostsCapitalized,Interest Costs Capitalized,Balance Sheet
InterestExpense,Interest Expense,Income Statement
InterestPaidNet,Interest Paid (Net),Cash Flow
InventoryFinishedGoodsNetOfReserves,Inventory Finished Goods Net of Reserves,Balance Sheet
InventoryNet,Inventory (Net),Balance Sheet
InventoryRawMaterialsNetOfReserves,Inventory Raw Materials Net of Reserves,Balance Sheet
InventoryWorkInProcessNetOfReserves,Inventory Work in Process Net of Reserves,Balance Sheet
InventoryWriteDown,Inventory Write-Down,Income Statement
InvestmentIncomeInterest,Investment Income (Interest),Income Statement
LeaseAndRentalExpense,Lease and Rental Expense,Income Statement
LeaseCost,Lease Cost,Income Statement
LesseeOperatingLeaseLiabilityPaymentsDue,Lessee Operating Lease Liability Payments Due,Balance Sheet
LesseeOperatingLeaseLiabilityPaymentsDueAfterYearFive,Lessee Operating Lease Liability Payments Due After Year Five,Balance Sheet
LesseeOperatingLeaseLiabilityPaymentsDueNextTwelveMonths,Lessee Operating Lease Liability Payments Due Next Twelve Months,Balance Sheet
LesseeOperatingLeaseLiabilityPaymentsDueYearFive,Lessee Operating Lease Liability Payments Due Year Five,Balance Sheet
LesseeOperatingLeaseLiabilityPaymentsDueYearFour,Lessee Operating Lease Liability Payments Due Year Four,Balance Sheet
LesseeOperatingLeaseLiabilityPaymentsDueYearThree,Lessee Operating Lease Liability Payments Due Year Three,Balance Sheet
LesseeOperatingLeaseLiabilityPaymentsDueYearTwo,Lessee Operating Lease Liability Payments Due Year Two,Balance Sheet
LesseeOperatingLeaseLiabilityPaymentsRemainderOfFiscalYear,Lessee Operating Lease Liability Payments Remainder of Fiscal Year,Balance Sheet
LiabilitiesAndStockholdersEquity,Liabilities and Stockholders' Equity,Balance Sheet
LiabilitiesCurrent,Liabilities Current,Balance Sheet
LiabilitiesFairValueDisclosure,Liabilities Fair Value Disclosure,Balance Sheet
LiabilitiesOfDisposalGroupIncludingDiscontinuedOperationCurrent,Liabilities of Disposal Group Including Discontinued Operation (Current),Balance Sheet
LineOfCreditFacilityFairValueOfAmountOutstanding,Line of Credit Facility Fair Value of Amount Outstanding,Balance Sheet
LineOfCreditFacilityMaximumAmountOutstandingDuringPeriod,Line of Credit Facility Maximum Amount Outstanding During Period,Balance Sheet
LineOfCreditFacilityMaximumBorrowingCapacity,Line of Credit Facility Maximum Borrowing Capacity,Balance Sheet
LitigationSettlementExpense,Litigation Settlement Expense,Income Statement
LoansPayableFairValueDisclosure,Loans Payable Fair Value Disclosure,Balance Sheet
LoansReceivableFairValueDisclosure,Loans Receivable Fair Value Disclosure,Balance Sheet
LoansReceivableNet,Loans Receivable (Net),Balance Sheet
LongTermDebt,Long-Term Debt,Balance Sheet
LongTermDebtCurrent,Long-Term Debt (Current),Balance Sheet
LongTermDebtFairValue,Long-Term Debt Fair Value,Balance Sheet
LongTermDebtMaturitiesRepaymentsOfPrincipalAfterYearFive,Long-Term Debt Maturities Repayments of Principal After Year Five,Balance Sheet
LongTermDebtMaturitiesRepaymentsOfPrincipalInNextTwelveMonths,Long-Term Debt Maturities Repayments of Principal in Next Twelve Months,Balance Sheet
LongTermDebtMaturitiesRepaymentsOfPrincipalInYearFive,Long-Term Debt Maturities Repayments of Principal in Year Five,Balance Sheet
LongTermDebtMaturitiesRepaymentsOfPrincipalInYearFour,Long-Term Debt Maturities Repayments of Principal in Year Four,Balance Sheet
LongTermDebtMaturitiesRepaymentsOfPrincipalInYearThree,Long-Term Debt Maturities Repayments of Principal in Year Three,Balance Sheet
LongTermDebtMaturitiesRepaymentsOfPrincipalInYearTwo,Long-Term Debt Maturities Repayments of Principal in Year Two,Balance Sheet
LongTermDebtNoncurrent,Long-Term Debt (Noncurrent),Balance Sheet
MarketableSecurities,Marketable Securities,Balance Sheet
MarketableSecuritiesGainLossExcludingOtherThanTemporaryImpairments,Marketable Securities Gain/Loss Excluding Other Than Temporary Impairments,Income Statement
MinorityInterest,Minority Interest,Balance Sheet
NetCashProvidedByUsedInFinancingActivities,Net Cash Provided by (Used in) Financing Activities,Cash Flow
NetCashProvidedByUsedInFinancingActivitiesContinuingOperations,Net Cash Provided by (Used in) Financing Activities (Continuing Operations),Cash Flow
NetCashProvidedByUsedInInvestingActivities,Net Cash Provided by (Used in) Investing Activities,Cash Flow
NetCashProvidedByUsedInInvestingActivitiesContinuingOperations,Net Cash Provided by (Used in) Investing Activities (Continuing Operations),Cash Flow
NetCashProvidedByUsedInOperatingActivities,Net Cash Provided by (Used in) Operating Activities,Cash Flow
NetCashProvidedByUsedInOperatingActivitiesContinuingOperations,Net Cash Provided by (Used in) Operating Activities (Continuing Operations),Cash Flow
NetIncomeLoss,Net Income (Loss),Income Statement
NetIncomeLossAttributableToNoncontrollingInterest,Net Income (Loss) Attributable to Noncontrolling Interest,Income Statement
NewAccountingPronouncementOrChangeInAccountingPrincipleEffectOfAdoptionQuantification,New Accounting Pronouncement or Change in Accounting Principle Effect of Adoption Quantification,Income Statement
NoncashOrPartNoncashDivestitureAmountOfConsiderationReceived1,Noncash or Part-Noncash Divestiture Amount of Consideration Received 1,Income Statement
NoncontrollingInterestIncreaseFromSubsidiaryEquityIssuance,Noncontrolling Interest Increase from Subsidiary Equity Issuance,Balance Sheet
NoncurrentAssets,Noncurrent Assets,Balance Sheet
NonoperatingIncomeExpense,Nonoperating Income (Expense),Income Statement
NotesAndLoansReceivableNetNoncurrent,Notes and Loans Receivable (Net) Noncurrent,Balance Sheet
OperatingExpenses,Operating Expenses,Income Statement
OperatingIncomeLoss,Operating Income (Loss),Income Statement
OperatingLeaseExpense,Operating Lease Expense,Income Statement
OperatingLeaseLiability,Operating Lease Liability,Balance Sheet
OperatingLeaseRightOfUseAsset,Operating Lease Right of Use Asset,Balance Sheet
OperatingLeasesFutureMinimumPaymentsDue,Operating Leases Future Minimum Payments Due,Balance Sheet
OperatingLeasesFutureMinimumPaymentsDueCurrent,Operating Leases Future Minimum Payments Due (Current),Balance Sheet
OperatingLeasesFutureMinimumPaymentsDueInFiveYears,Operating Leases Future Minimum Payments Due in Five Years,Balance Sheet
OperatingLeasesFutureMinimumPaymentsDueInFourYears,Operating Leases Future Minimum Payments Due in Four Years,Balance Sheet
OperatingLeasesFutureMinimumPaymentsDueInThreeYears,Operating Leases Future Minimum Payments Due in Three Years,Balance Sheet
OperatingLeasesFutureMinimumPaymentsDueInTwoYears,Operating Leases Future Minimum Payments Due in Two Years,Balance Sheet
OperatingLeasesFutureMinimumPaymentsDueThereafter,Operating Leases Future Minimum Payments Due Thereafter,Balance Sheet
OperatingLeaseWeightedAverageDiscountRatePercent,Operating Lease Weighted Average Discount Rate (Percent),Income Statement
OperatingLossCarryforwards,Operating Loss Carryforwards,Balance Sheet
OtherAssetsCurrent,Other Assets (Current),Balance Sheet
OtherAssetsMiscellaneousNoncurrent,Other Assets Miscellaneous (Noncurrent),Balance Sheet
OtherAssetsNoncurrent,Other Assets (Noncurrent),Balance Sheet
OtherComprehensiveIncomeAmortizationOfDefinedBenefitPlanNetPriorServiceCostCreditRecognizedInNetPeriodicBenefitCostBeforeTax,Other Comprehensive Income Amortization of Defined Benefit Plan Net Prior Service Cost Credit Recognized in Net Periodic Benefit Cost (Before Tax),Income Statement
OtherComprehensiveIncomeAmortizationOfDefinedBenefitPlanNetPriorServiceCostRecognizedInNetPeriodicPensionCostNetOfTax,Other Comprehensive Income Amortization of Defined Benefit Plan Net Prior Service Cost Recognized in Net Periodic Pension Cost (Net of Tax),Income Statement
OtherComprehensiveIncomeAmortizationOfDefinedBenefitPlanNetPriorServiceCostRecognizedInNetPeriodicPensionCostTax,Other Comprehensive Income Amortization of Defined Benefit Plan Net Prior Service Cost Recognized in Net Periodic Pension Cost (Tax),Income Statement
OtherComprehensiveIncomeAvailableForSaleSecuritiesAdjustmentNetOfTaxPeriodIncreaseDecrease,Other Comprehensive Income Available for Sale Securities Adjustment Net of Tax Period Increase/Decrease,Income Statement
OtherComprehensiveIncomeDefinedBenefitPlanNetPriorServiceCostCreditArisingDuringPeriodBeforeTax,Other Comprehensive Income Defined Benefit Plan Net Prior Service Cost Credit Arising During Period (Before Tax),Income Statement
OtherComprehensiveIncomeDefinedBenefitPlanNetPriorServiceCostsCreditArisingDuringPeriodNetOfTax,Other Comprehensive Income Defined Benefit Plan Net Prior Service Costs Credit Arising During Period (Net of Tax),Income Statement
OtherComprehensiveIncomeDefinedBenefitPlansNetUnamortizedGainLossArisingDuringPeriodBeforeTax,Other Comprehensive Income Defined Benefit Plans Net Unamortized Gain/Loss Arising During Period (Before Tax),Income Statement
OtherComprehensiveIncomeDefinedBenefitPlansNetUnamortizedGainLossArisingDuringPeriodNetOfTax,Other Comprehensive Income Defined Benefit Plans Net Unamortized Gain/Loss Arising During Period (Net of Tax),Income Statement
OtherComprehensiveIncomeDefinedBenefitPlansNetUnamortizedGainLossArisingDuringPeriodTax,Other Comprehensive Income Defined Benefit Plans Net Unamortized Gain/Loss Arising During Period (Tax),Income Statement
OtherComprehensiveIncomeDerivativesQualifyingAsHedgesNetOfTaxPeriodIncreaseDecrease,Other Comprehensive Income Derivatives Qualifying as Hedges Net of Tax Period Increase/Decrease,Income Statement
OtherComprehensiveIncomeForeignCurrencyTransactionAndTranslationAdjustmentNetOfTaxPeriodIncreaseDecrease,Other Comprehensive Income Foreign Currency Transaction and Translation Adjustment Net of Tax Period Increase/Decrease,Income Statement
OtherComprehensiveIncomeForeignCurrencyTransactionAndTranslationGainLossArisingDuringPeriodNetOfTax,Other Comprehensive Income Foreign Currency Transaction and Translation Gain/Loss Arising During Period (Net of Tax),Income Statement
OtherComprehensiveIncomeForeignCurrencyTransactionAndTranslationGainLossBeforeReclassificationAndTax,Other Comprehensive Income Foreign Currency Transaction and Translation Gain/Loss Before Reclassification and Tax,Income Statement
OtherComprehensiveIncomeForeignCurrencyTranslationGainLossArisingDuringPeriodTax,Other Comprehensive Income Foreign Currency Translation Gain/Loss Arising During Period (Tax),Income Statement
OtherComprehensiveIncomeLossAmortizationAdjustmentFromAOCIPensionAndOtherPostretirementBenefitPlansForNetPriorServiceCostCreditBeforeTax,Other Comprehensive Income Loss Amortization Adjustment from AOCI Pension and Other Postretirement Benefit Plans for Net Prior Service Cost Credit (Before Tax),Income Statement
OtherComprehensiveIncomeLossAmortizationAdjustmentFromAOCIPensionAndOtherPostretirementBenefitPlansForNetPriorServiceCostCreditNetOfTax,Other Comprehensive Income Loss Amortization Adjustment from AOCI Pension and Other Postretirement Benefit Plans for Net Prior Service Cost Credit (Net of Tax),Income Statement
OtherComprehensiveIncomeLossAmortizationAdjustmentFromAOCIPensionAndOtherPostretirementBenefitPlansForNetPriorServiceCostCreditTax,Other Comprehensive Income Loss Amortization Adjustment from AOCI Pension and Other Postretirement Benefit Plans for Net Prior Service Cost Credit (Tax),Income Statement
OtherComprehensiveIncomeLossAmortizationPensionAndOtherPostretirementBenefitPlansNetPriorServiceCostRecognizedInNetPeriodicBenefitCostBeforeTax,Other Comprehensive Income Loss Amortization Pension and Other Postretirement Benefit Plans Net Prior Service Cost Recognized in Net Periodic Benefit Cost (Before Tax),Income Statement
OtherComprehensiveIncomeLossAmortizationPensionAndOtherPostretirementBenefitPlansNetPriorServiceCostRecognizedInNetPeriodicPensionCostNetOfTax,Other Comprehensive Income Loss Amortization Pension and Other Postretirement Benefit Plans Net Prior Service Cost Recognized in Net Periodic Pension Cost (Net of Tax),Income Statement
OtherComprehensiveIncomeLossAmortizationPensionAndOtherPostretirementBenefitPlansNetPriorServiceCostRecognizedInNetPeriodicPensionCostTaxEffect,Other Comprehensive Income Loss Amortization Pension and Other Postretirement Benefit Plans Net Prior Service Cost Recognized in Net Periodic Pension Cost (Tax Effect),Income Statement
OtherComprehensiveIncomeLossAvailableForSaleSecuritiesAdjustmentNetOfTax,Other Comprehensive Income Loss Available for Sale Securities Adjustment Net of Tax,Balance Sheet
OtherComprehensiveIncomeLossBeforeReclassificationsBeforeTax,Other Comprehensive Income Loss Before Reclassifications Before Tax,Balance Sheet
OtherComprehensiveIncomeLossBeforeTax,Other Comprehensive Income Loss Before Tax,Balance Sheet
OtherComprehensiveIncomeLossBeforeTaxPeriodIncreaseDecrease,Other Comprehensive Income Loss Before Tax Period Increase Decrease,Balance Sheet
OtherComprehensiveIncomeLossCashFlowHedgeGainLossAfterReclassificationAndTax,Other Comprehensive Income Loss Cash Flow Hedge Gain Loss After Reclassification and Tax,Balance Sheet
OtherComprehensiveIncomeLossCashFlowHedgeGainLossAfterReclassificationAndTaxParent,Other Comprehensive Income Loss Cash Flow Hedge Gain Loss After Reclassification and Tax Parent,Balance Sheet
OtherComprehensiveIncomeLossDerivativesQualifyingAsHedgesNetOfTax,Other Comprehensive Income Loss Derivatives Qualifying as Hedges Net of Tax,Balance Sheet
OtherComprehensiveIncomeLossNetOfTax,Other Comprehensive Income Loss Net of Tax,Balance Sheet
OtherComprehensiveIncomeLossNetOfTaxPeriodIncreaseDecrease,Other Comprehensive Income Loss Net of Tax Period Increase Decrease,Balance Sheet
OtherComprehensiveIncomeLossPensionAndOtherPostretirementBenefitPlansNetUnamortizedGainLossArisingDuringPeriodBeforeTax,Other Comprehensive Income Loss Pension and Other Postretirement Benefit Plans Net Unamortized Gain Loss Arising During Period Before Tax,Balance Sheet
OtherComprehensiveIncomeLossReclassificationAdjustmentFromAOCIOnDerivativesBeforeTax,Other Comprehensive Income Loss Reclassification Adjustment From AOCI On Derivatives Before Tax,Balance Sheet
OtherComprehensiveIncomeLossReclassificationAdjustmentFromAOCIOnDerivativesNetOfTax,Other Comprehensive Income Loss Reclassification Adjustment From AOCI On Derivatives Net of Tax,Balance Sheet
OtherComprehensiveIncomeLossReclassificationAdjustmentFromAOCIOnDerivativesTax,Other Comprehensive Income Loss Reclassification Adjustment From AOCI On Derivatives Tax,Balance Sheet
OtherComprehensiveIncomeLossReclassificationAdjustmentFromAOCIPensionAndOtherPostretirementBenefitPlansForNetGainLossBeforeTax,Other Comprehensive Income Loss Reclassification Adjustment From AOCI Pension and Other Postretirement Benefit Plans for Net Gain Loss Before Tax,Balance Sheet
OtherComprehensiveIncomeLossReclassificationAdjustmentFromAOCIPensionAndOtherPostretirementBenefitPlansForNetGainLossNetOfTax,Other Comprehensive Income Loss Reclassification Adjustment From AOCI Pension and Other Postretirement Benefit Plans for Net Gain Loss Net of Tax,Balance Sheet
OtherComprehensiveIncomeLossReclassificationAdjustmentFromAOCIPensionAndOtherPostretirementBenefitPlansForNetGainLossTax,Other Comprehensive Income Loss Reclassification Adjustment From AOCI Pension and Other Postretirement Benefit Plans for Net Gain Loss Tax,Balance Sheet
OtherComprehensiveIncomeLossReclassificationAdjustmentOnDerivativesIncludedInNetIncomeBeforeTax,Other Comprehensive Income Loss Reclassification Adjustment On Derivatives Included In Net Income Before Tax,Balance Sheet
OtherComprehensiveIncomeLossReclassificationAdjustmentOnDerivativesIncludedInNetIncomeNetOfTax,Other Comprehensive Income Loss Reclassification Adjustment On Derivatives Included In Net Income Net of Tax,Balance Sheet
OtherComprehensiveIncomeLossReclassificationAdjustmentOnDerivativesIncludedInNetIncomeTax,Other Comprehensive Income Loss Reclassification Adjustment On Derivatives Included In Net Income Tax,Balance Sheet
OtherComprehensiveIncomeLossReclassificationPensionAndOtherPostretirementBenefitPlansNetGainLossRecognizedInNetPeriodicBenefitCostTax,Other Comprehensive Income Loss Reclassification Pension and Other Postretirement Benefit Plans Net Gain Loss Recognized In Net Periodic Benefit Cost Tax,Balance Sheet
OtherComprehensiveIncomeLossTax,Other Comprehensive Income Loss Tax,Balance Sheet
OtherComprehensiveIncomeReclassificationAdjustmentOnDerivativesIncludedInNetIncomeBeforeTax,Other Comprehensive Income Reclassification Adjustment On Derivatives Included In Net Income Before Tax,Balance Sheet
OtherComprehensiveIncomeReclassificationAdjustmentOnDerivativesIncludedInNetIncomeNetOfTax,Other Comprehensive Income Reclassification Adjustment On Derivatives Included In Net Income Net of Tax,Balance Sheet
OtherComprehensiveIncomeReclassificationAdjustmentOnDerivativesIncludedInNetIncomeTax,Other Comprehensive Income Reclassification Adjustment On Derivatives Included In Net Income Tax,Balance Sheet
OtherComprehensiveIncomeReclassificationOfDefinedBenefitPlansNetGainLossRecognizedInNetPeriodicBenefitCostBeforeTax,Other Comprehensive Income Reclassification Of Defined Benefit Plans Net Gain Loss Recognized In Net Periodic Benefit Cost Before Tax,Balance Sheet
OtherComprehensiveIncomeReclassificationOfDefinedBenefitPlansNetGainLossRecognizedInNetPeriodicBenefitCostNetOfTax,Other Comprehensive Income Reclassification Of Defined Benefit Plans Net Gain Loss Recognized In Net Periodic Benefit Cost Net of Tax,Balance Sheet
OtherComprehensiveIncomeReclassificationOfDefinedBenefitPlansNetGainLossRecognizedInNetPeriodicBenefitCostTax,Other Comprehensive Income Reclassification Of Defined Benefit Plans Net Gain Loss Recognized In Net Periodic Benefit Cost Tax,Balance Sheet
OtherComprehensiveIncomeUnrealizedGainLossOnDerivativesArisingDuringPeriodBeforeTax,Other Comprehensive Income Unrealized Gain Loss On Derivatives Arising During Period Before Tax,Balance Sheet
OtherComprehensiveIncomeUnrealizedGainLossOnDerivativesArisingDuringPeriodNetOfTax,Other Comprehensive Income Unrealized Gain Loss On Derivatives Arising During Period Net of Tax,Balance Sheet
OtherComprehensiveIncomeUnrealizedGainLossOnDerivativesArisingDuringPeriodTax,Other Comprehensive Income Unrealized Gain Loss On Derivatives Arising During Period Tax,Balance Sheet
OtherComprehensiveIncomeUnrealizedHoldingGainLossOnSecuritiesArisingDuringPeriodBeforeTax,Other Comprehensive Income Unrealized Holding Gain Loss On Securities Arising During Period Before Tax,Balance Sheet
OtherComprehensiveIncomeUnrealizedHoldingGainLossOnSecuritiesArisingDuringPeriodNetOfTax,Other Comprehensive Income Unrealized Holding Gain Loss On Securities Arising During Period Net of Tax,Balance Sheet
OtherComprehensiveIncomeUnrealizedHoldingGainLossOnSecuritiesArisingDuringPeriodTax,Other Comprehensive Income Unrealized Holding Gain Loss On Securities Arising During Period Tax,Balance Sheet
OtherDeferredCreditsCurrent,Other Deferred Credits (Current),Balance Sheet
OtherLiabilitiesNoncurrent,Other Liabilities (Non-current),Balance Sheet
OtherLiabilitiesCurrent,Other Liabilities (Current),Balance Sheet
OtherLiabilitiesNoncurrent,Other Liabilities (Non-current),Balance Sheet
OtherNonoperatingIncomeExpense,Other Nonoperating Income Expense,Income Statement
OtherNonrecurringExpense,Other Nonrecurring Expense,Income Statement
OtherThanTemporaryImpairmentLossesInvestmentsPortionRecognizedInEarningsNetAvailableforsaleSecurities,Other Than Temporary Impairment Losses Investments Portion Recognized In Earnings Net Available for Sale Securities,Income Statement
PaymentsForProceedsFromOtherInvestingActivities,Payments For Proceeds From Other Investing Activities,Cash Flow
PaymentsForRepurchaseOfCommonStock,Payments For Repurchase Of Common Stock,Cash Flow
PaymentsForRestructuring,Payments For Restructuring,Cash Flow
PaymentsOfDividendsCommonStock,Payments Of Dividends Common Stock,Cash Flow
PaymentsRelatedToTaxWithholdingForShareBasedCompensation,Payments Related To Tax Withholding For Share Based Compensation,Cash Flow
PaymentsToAcquireAvailableForSaleSecurities,Payments To Acquire Available For Sale Securities,Cash Flow
PaymentsToAcquireAvailableForSaleSecuritiesDebt,Payments To Acquire Available For Sale Securities Debt,Cash Flow
PaymentsToAcquireBusinessesGross,Payments To Acquire Businesses Gross,Cash Flow
PaymentsToAcquireBusinessesNetOfCashAcquired,Payments To Acquire Businesses Net Of Cash Acquired,Cash Flow
PaymentsToAcquireIntangibleAssets,Payments To Acquire Intangible Assets,Cash Flow
PaymentsToAcquireOtherInvestments,Payments To Acquire Other Investments,Cash Flow
PaymentsToAcquirePropertyPlantAndEquipment,Payments To Acquire Property Plant And Equipment,Cash Flow
PaymentsToAcquireShortTermInvestments,Payments To Acquire Short Term Investments,Cash Flow
PaymentsToAcquireTradingSecuritiesHeldforinvestment,Payments To Acquire Trading Securities Held For Investment,Cash Flow
PreferredStockParOrStatedValuePerShare,Preferred Stock Par Or Stated Value Per Share,Balance Sheet
PreferredStockSharesAuthorized,Preferred Stock Shares Authorized,Balance Sheet
PreferredStockSharesIssued,Preferred Stock Shares Issued,Balance Sheet
PreferredStockValue,Preferred Stock Value,Balance Sheet
PrepaidExpenseOtherNoncurrent,Prepaid Expense Other Noncurrent,Balance Sheet
ProceedsFromCollectionOfLoansReceivable,Proceeds From Collection Of Loans Receivable,Cash Flow
ProceedsFromDivestitureOfBusinesses,Proceeds From Divestiture Of Businesses,Cash Flow
ProceedsFromDivestitureOfBusinessesNetOfCashDivested,Proceeds From Divestiture Of Businesses Net Of Cash Divested,Cash Flow
ProceedsFromEquityMethodInvestmentDividendsOrDistributionsReturnOfCapital,Proceeds From Equity Method Investment Dividends Or Distributions Return Of Capital,Cash Flow
ProceedsFromIssuanceInitialPublicOffering,Proceeds From Issuance Initial Public Offering,Cash Flow
ProceedsFromIssuanceOfCommercialPaper,Proceeds From Issuance Of Commercial Paper,Cash Flow
ProceedsFromIssuanceOfLongTermDebt,Proceeds From Issuance Of Long Term Debt,Cash Flow
ProceedsFromMaturitiesPrepaymentsAndCallsOfAvailableForSaleSecurities,Proceeds From Maturities Prepayments And Calls Of Available For Sale Securities,Cash Flow
ProceedsFromMinorityShareholders,Proceeds From Minority Shareholders,Cash Flow
ProceedsFromPaymentsForOtherFinancingActivities,Proceeds From Payments For Other Financing Activities,Cash Flow
ProceedsFromRepaymentsOfShortTermDebt,Proceeds From Repayments Of Short Term Debt,Cash Flow
ProceedsFromSaleAndMaturityOfAvailableForSaleSecurities,Proceeds From Sale And Maturity Of Available For Sale Securities,Cash Flow
ProceedsFromSaleAndMaturityOfOtherInvestments,Proceeds From Sale And Maturity Of Other Investments,Cash Flow
ProceedsFromSaleAndMaturityOfTradingSecuritiesHeldforinvestment,Proceeds From Sale And Maturity Of Trading Securities Held For Investment,Cash Flow
ProceedsFromSaleMaturityAndCollectionOfShorttermInvestments,Proceeds From Sale Maturity And Collection Of Short-term Investments,Cash Flow
ProceedsFromSaleOfAvailableForSaleSecurities,Proceeds From Sale Of Available For Sale Securities,Cash Flow
ProceedsFromSaleOfAvailableForSaleSecuritiesDebt,Proceeds From Sale Of Available For Sale Securities Debt,Cash Flow
ProceedsFromStockPlans,Proceeds From Stock Plans,Cash Flow
ProductionRelatedImpairmentsOrCharges,Production Related Impairments Or Charges,Income Statement
ProfitLoss,Profit Loss,Income Statement
PropertyPlantAndEquipmentAndFinanceLeaseRightOfUseAssetAccumulatedDepreciationAndAmortization,Property Plant And Equipment And Finance Lease Right Of Use Asset Accumulated Depreciation And Amortization,Balance Sheet
PropertyPlantAndEquipmentAndFinanceLeaseRightOfUseAssetAfterAccumulatedDepreciationAndAmortization,Property Plant And Equipment And Finance Lease Right Of Use Asset After Accumulated Depreciation And Amortization,Balance Sheet
PropertyPlantAndEquipmentAndFinanceLeaseRightOfUseAssetBeforeAccumulatedDepreciationAndAmortization,Property Plant And Equipment And Finance Lease Right Of Use Asset Before Accumulated Depreciation And Amortization,Balance Sheet
PropertyPlantAndEquipmentGross,Property Plant And Equipment Gross,Balance Sheet
PropertyPlantAndEquipmentNet,Property Plant And Equipment Net,Balance Sheet
RealizedGainLossOnMarketableSecuritiesCostMethodInvestmentsAndOtherInvestments,Realized Gain Loss On Marketable Securities Cost Method Investments And Other Investments,Income Statement
ReclassificationFromAccumulatedOtherComprehensiveIncomeCurrentPeriodBeforeTax,Reclassification From Accumulated Other Comprehensive Income Current Period Before Tax,Income Statement
ReclassificationsOfTemporaryToPermanentEquity,Reclassifications Of Temporary To Permanent Equity,Income Statement
RepaymentsOfCommercialPaper,Repayments Of Commercial Paper,Cash Flow
RepaymentsOfLongTermDebt,Repayments Of Long Term Debt,Cash Flow
RepaymentsOfShortTermDebt,Repayments Of Short Term Debt,Cash Flow
ResearchAndDevelopmentExpense,Research And Development Expense,Income Statement
RestructuringAndRelatedCostCostIncurredToDate,Restructuring And Related Cost Incurred To Date,Income Statement
RestructuringAndRelatedCostCostIncurredToDate1,Restructuring And Related Cost Incurred To Date 1,Income Statement
RestructuringAndRelatedCostIncurredCost,Restructuring And Related Cost Incurred Cost,Income Statement
RestructuringAndRelatedCostNumberOfPositionsEliminated,Restructuring And Related Cost Number Of Positions Eliminated,Income Statement
RestructuringAndRelatedCostNumberOfPositionsEliminatedInceptionToDate,Restructuring And Related Cost Number Of Positions Eliminated Inception To Date,Income Statement
RestructuringCharges,Restructuring Charges,Income Statement
RestructuringReserve,Restructuring Reserve,Balance Sheet
RestructuringReserveAccrualAdjustment,Restructuring Reserve Accrual Adjustment,Balance Sheet
RestructuringReserveCurrent,Restructuring Reserve Current,Balance Sheet
RestructuringReserveSettledWithoutCash1,Restructuring Reserve Settled Without Cash 1,Balance Sheet
RestructuringSettlementAndImpairmentProvisions,Restructuring Settlement And Impairment Provisions,Balance Sheet
RetainedEarningsAccumulatedDeficit,Retained Earnings Accumulated Deficit,Balance Sheet
RetrospectiveEffectOfChangeInAccountingPrincipleTabularPresentationByFinancialStatementLineItemAmountOfApplicationAdjustment,Retrospective Effect Of Change In Accounting Principle Tabular Presentation By Financial Statement Line Item Amount Of Application Adjustment,Income Statement
RevenueFromContractWithCustomerExcludingAssessedTax,Revenue From Contract With Customer Excluding Assessed Tax,Income Statement
RevenueRemainingPerformanceObligation,Revenue Remaining Performance Obligation,Balance Sheet
SalesRevenueNet,Sales Revenue Net,Income Statement
SecuritiesPurchasedUnderAgreementsToResell,Securities Purchased Under Agreements To Resell,Balance Sheet
SecuritiesPurchasedUnderAgreementsToResellAmountOffsetAgainstCollateral,Securities Purchased Under Agreements To Resell Amount Offset Against Collateral,Balance Sheet
SecuritiesPurchasedUnderAgreementsToResellCollateralObligationToReturnSecurities,Securities Purchased Under Agreements To Resell Collateral Obligation To Return Securities,Balance Sheet
SecuritiesPurchasedUnderAgreementsToResellGross,Securities Purchased Under Agreements To Resell Gross,Balance Sheet
SecuritiesPurchasedUnderAgreementsToResellLiability,Securities Purchased Under Agreements To Resell Liability,Balance Sheet
SecuritiesPurchasedUnderAgreementsToResellNotOffsetPolicyElectionDeduction,Securities Purchased Under Agreements To Resell Not Offset Policy Election Deduction,Balance Sheet
SecuritiesPurchasedUnderAgreementsToResellOffsetAgainstCollateralNetOfNotSubjectToMasterNettingArrangementPolicyElection,Securities Purchased Under Agreements To Resell Offset Against Collateral Net Of Not Subject To Master Netting Arrangement Policy Election,Balance Sheet
SegmentReportingInformationOperatingIncomeLoss,Segment Reporting Information Operating Income Loss,Income Statement
SegmentReportingInformationRevenueFromExternalCustomers,Segment Reporting Information Revenue From External Customers,Income Statement
SellingGeneralAndAdministrativeExpense,Selling General And Administrative Expense,Income Statement
SeveranceCosts1,Severance Costs 1,Income Statement
ShareBasedCompensation,Share Based Compensation,Income Statement
ShareBasedCompensationArrangementByShareBasedPaymentAwardEquityInstrumentsOtherThanOptionsNonvestedNumber,Share Based Compensation Arrangement By Share Based Payment Award Equity Instruments Other Than Options Nonvested Number,Income Statement
ShareBasedCompensationArrangementByShareBasedPaymentAwardNumberOfAdditionalSharesAuthorized,Share Based Compensation Arrangement by Share Based Payment Award Number of Additional Shares Authorized,Income Statement
ShareBasedCompensationArrangementByShareBasedPaymentAwardOptionsExercisableNumber,Share Based Compensation Arrangement by Share Based Payment Award Options Exercisable Number,Balance Sheet
ShareBasedCompensationArrangementByShareBasedPaymentAwardOptionsExercisableWeightedAverageExercisePrice,Share Based Compensation Arrangement by Share Based Payment Award Options Exercisable Weighted Average Exercise Price,Balance Sheet
ShareBasedCompensationArrangementByShareBasedPaymentAwardOptionsExercisesInPeriod,Share Based Compensation Arrangement by Share Based Payment Award Options Exercises In Period,Income Statement
ShareBasedCompensationArrangementByShareBasedPaymentAwardOptionsExercisesInPeriodTotalIntrinsicValue,Share Based Compensation Arrangement by Share Based Payment Award Options Exercises In Period Total Intrinsic Value,Income Statement
ShareBasedCompensationArrangementByShareBasedPaymentAwardOptionsExpirationsInPeriod,Share Based Compensation Arrangement by Share Based Payment Award Options Expirations In Period,Balance Sheet
ShareBasedCompensationArrangementByShareBasedPaymentAwardOptionsForfeituresInPeriod,Share Based Compensation Arrangement by Share Based Payment Award Options Forfeitures In Period,Balance Sheet
ShareBasedCompensationArrangementByShareBasedPaymentAwardOptionsGrantsInPeriod,Share Based Compensation Arrangement by Share Based Payment Award Options Grants In Period,Balance Sheet
ShareBasedCompensationArrangementByShareBasedPaymentAwardOptionsGrantsInPeriodGross,Share Based Compensation Arrangement by Share Based Payment Award Options Grants In Period Gross,Balance Sheet
ShareBasedCompensationArrangementByShareBasedPaymentAwardOptionsOutstandingNumber,Share Based Compensation Arrangement by Share Based Payment Award Options Outstanding Number,Balance Sheet
ShareBasedCompensationArrangementByShareBasedPaymentAwardOptionsOutstandingWeightedAverageExercisePrice,Share Based Compensation Arrangement by Share Based Payment Award Options Outstanding Weighted Average Exercise Price,Balance Sheet
ShareBasedCompensationArrangementByShareBasedPaymentAwardOptionsOutstandingWeightedAverageRemainingContractualTerm,Share Based Compensation Arrangement by Share Based Payment Award Options Outstanding Weighted Average Remaining Contractual Term,Balance Sheet
SharebasedCompensationArrangementBySharebasedPaymentAwardOptionsOutstandingWeightedAverageRemainingContractualTerm1,Share Based Compensation Arrangement by Share Based Payment Award Options Outstanding Weighted Average Remaining Contractual Term,Balance Sheet
ShareBasedCompensationArrangementByShareBasedPaymentAwardOptionsVestedAndExpectedToVestExercisableAggregateIntrinsicValue,Share Based Compensation Arrangement by Share Based Payment Award Options Vested And Expected To Vest Exercisable Aggregate Intrinsic Value,Balance Sheet
ShareBasedCompensationArrangementByShareBasedPaymentAwardOptionsVestedAndExpectedToVestExercisableWeightedAverageRemainingContractualTerm,Share Based Compensation Arrangement by Share Based Payment Award Options Vested And Expected To Vest Exercisable Weighted Average Remaining Contractual Term,Balance Sheet
ShareBasedCompensationArrangementByShareBasedPaymentAwardOptionsVestedAndExpectedToVestOutstandingAggregateIntrinsicValue,Share Based Compensation Arrangement by Share Based Payment Award Options Vested And Expected To Vest Outstanding Aggregate Intrinsic Value,Balance Sheet
ShareBasedCompensationArrangementByShareBasedPaymentAwardOptionsVestedAndExpectedToVestOutstandingNumber,Share Based Compensation Arrangement by Share Based Payment Award Options Vested And Expected To Vest Outstanding Number,Balance Sheet
ShareBasedCompensationArrangementByShareBasedPaymentAwardOptionsVestedAndExpectedToVestOutstandingWeightedAverageExercisePrice,Share Based Compensation Arrangement by Share Based Payment Award Options Vested And Expected To Vest Outstanding Weighted Average Exercise Price,Balance Sheet
ShareBasedCompensationArrangementByShareBasedPaymentAwardOptionsVestedAndExpectedToVestOutstandingWeightedAverageRemainingContractualTerm,Share Based Compensation Arrangement by Share Based Payment Award Options Vested And Expected To Vest Outstanding Weighted Average Remaining Contractual Term,Balance Sheet
ShareBasedCompensationArrangementByShareBasedPaymentAwardOptionsVestedInPeriodFairValue,Share Based Compensation Arrangement by Share Based Payment Award Options Vested In Period Fair Value,Balance Sheet
SharebasedCompensationArrangementBySharebasedPaymentAwardOptionsVestedInPeriodFairValue1,Share Based Compensation Arrangement by Share Based Payment Award Options Vested In Period Fair Value,Balance Sheet
ShareBasedCompensationArrangementsByShareBasedPaymentAwardOptionsExercisesInPeriodWeightedAverageExercisePrice,Share Based Compensation Arrangements by Share Based Payment Award Options Exercises In Period Weighted Average Exercise Price,Balance Sheet
ShareBasedCompensationArrangementsByShareBasedPaymentAwardOptionsExpirationsInPeriodWeightedAverageExercisePrice,Share Based Compensation Arrangements by Share Based Payment Award Options Expirations In Period Weighted Average Exercise Price,Balance Sheet
ShareBasedCompensationArrangementsByShareBasedPaymentAwardOptionsForfeituresInPeriodWeightedAverageExercisePrice,Share Based Compensation Arrangements by Share Based Payment Award Options Forfeitures In Period Weighted Average Exercise Price,Balance Sheet
ShareBasedCompensationArrangementsByShareBasedPaymentAwardOptionsGrantsInPeriodWeightedAverageExercisePrice,Share Based Compensation Arrangements by Share Based Payment Award Options Grants In Period Weighted Average Exercise Price,Balance Sheet
SharePrice,Share Price,Balance Sheet
SharesPaidForTaxWithholdingForShareBasedCompensation,Shares Paid For Tax Withholding For Share Based Compensation,Balance Sheet
ShortTermBankLoansAndNotesPayable,Short Term Bank Loans And Notes Payable,Balance Sheet
ShortTermBorrowings,Short Term Borrowings,Balance Sheet
ShorttermDebtFairValue,Shortterm Debt Fair Value,Balance Sheet
SignificantChangeInUnrecognizedTaxBenefitsIsReasonablyPossibleEstimatedRangeOfChangeLowerBound,Significant Change In Unrecognized Tax Benefits Is Reasonably Possible Estimated Range Of Change Lower Bound,Balance Sheet
SignificantChangeInUnrecognizedTaxBenefitsIsReasonablyPossibleEstimatedRangeOfChangeUpperBound,Significant Change In Unrecognized Tax Benefits Is Reasonably Possible Estimated Range Of Change Upper Bound,Balance Sheet
StockholdersEquity,Stockholders Equity,Balance Sheet
StockholdersEquityIncludingPortionAttributableToNoncontrollingInterest,Stockholders Equity Including Portion Attributable To Noncontrolling Interest,Balance Sheet
StockholdersEquityIncludingPortionAttributableToNoncontrollingInterestAdjustedBalance1,Stockholders Equity Including Portion Attributable To Noncontrolling Interest Adjusted Balance,Balance Sheet
StockIssuedDuringPeriodSharesStockOptionsExercised,Stock Issued During Period Shares Stock Options Exercised,Balance Sheet
StockRepurchasedAndRetiredDuringPeriodValue,Stock Repurchased And Retired During Period Value,Balance Sheet
StockRepurchasedDuringPeriodValue,Stock Repurchased During Period Value,Balance Sheet
TaxAdjustmentsSettlementsAndUnusualProvisions,Tax Adjustments Settlements And Unusual Provisions,Balance Sheet
TaxCreditCarryforwardValuationAllowance,Tax Credit Carryforward Valuation Allowance,Balance Sheet
TaxesPayableCurrent,Taxes Payable Current,Balance Sheet
TemporaryEquityAccretionToRedemptionValue,Temporary Equity Accretion To Redemption Value,Balance Sheet
TemporaryEquityCarryingAmountAttributableToParent,Temporary Equity Carrying Amount Attributable To Parent,Balance Sheet
TemporaryEquityIssuePeriodIncreaseOrDecrease,Temporary Equity Issue Period Increase Or Decrease,Balance Sheet
TradingSecurities,Trading Securities,Balance Sheet
TradingSecuritiesCurrent,Trading Securities Current,Balance Sheet
TradingSecuritiesDebtCurrent,Trading Securities Debt Current,Balance Sheet
TradingSecuritiesEquityCurrent,Trading Securities Equity Current,Balance Sheet
TransferToInvestments,Transfer To Investments,Balance Sheet
TreasuryStockAcquiredAverageCostPerShare,Treasury Stock Acquired Average Cost Per Share,Balance Sheet
TreasuryStockSharesRetired,Treasury Stock Shares Retired,Balance Sheet
UndistributedEarningsOfForeignSubsidiaries,Undistributed Earnings Of Foreign Subsidiaries,Balance Sheet
UnrealizedGainLossOnMarketableSecuritiesCostMethodInvestmentsAndOtherInvestments,Unrealized Gain Loss On Marketable Securities Cost Method Investments And Other Investments,Balance Sheet
UnrecognizedTaxBenefits,Unrecognized Tax Benefits,Balance Sheet
UnrecognizedTaxBenefitsDecreasesResultingFromPriorPeriodTaxPositions,Unrecognized Tax Benefits Decreases Resulting From Prior Period Tax Positions,Balance Sheet
UnrecognizedTaxBenefitsDecreasesResultingFromSettlementsWithTaxingAuthorities,Unrecognized Tax Benefits Decreases Resulting From Settlements With Taxing Authorities,Balance Sheet
UnrecognizedTaxBenefitsIncomeTaxPenaltiesAndInterestAccrued,Unrecognized Tax Benefits Income Tax Penalties And Interest Accrued,Balance Sheet
UnrecognizedTaxBenefitsIncomeTaxPenaltiesAndInterestExpense,Unrecognized Tax Benefits Income Tax Penalties And Interest Expense,Balance Sheet
UnrecognizedTaxBenefitsIncreasesResultingFromCurrentPeriodTaxPositions,Unrecognized Tax Benefits Increases Resulting From Current Period Tax Positions,Balance Sheet
UnrecognizedTaxBenefitsIncreasesResultingFromPriorPeriodTaxPositions,Unrecognized Tax Benefits Increases Resulting From Prior Period Tax Positions,Balance Sheet
UnrecognizedTaxBenefitsReductionsResultingFromLapseOfApplicableStatuteOfLimitations,Unrecognized Tax Benefits Reductions Resulting From Lapse Of Applicable Statute Of Limitations,Balance Sheet
UnrecognizedTaxBenefitsThatWouldImpactEffectiveTaxRate,Unrecognized Tax Benefits That Would Impact Effective Tax Rate,Balance Sheet
UnrecordedUnconditionalPurchaseObligationBalanceSheetAmount,Unrecorded Unconditional Purchase Obligation Balance Sheet Amount,Balance Sheet
VariableLeaseCost,Variable Lease Cost,Balance Sheet
WeightedAverageNumberOfDilutedSharesOutstanding,Weighted Average Number Of Diluted Shares Outstanding,Balance Sheet